-- --------------------------------------------------------
-- Host:                         127.0.0.1
-- Szerver verzió:               5.7.33 - MySQL Community Server (GPL)
-- Szerver OS:                   Win64
-- HeidiSQL Verzió:              11.2.0.6213
-- --------------------------------------------------------

/*!40101 SET @OLD_CHARACTER_SET_CLIENT=@@CHARACTER_SET_CLIENT */;
/*!40101 SET NAMES utf8 */;
/*!50503 SET NAMES utf8mb4 */;
/*!40014 SET @OLD_FOREIGN_KEY_CHECKS=@@FOREIGN_KEY_CHECKS, FOREIGN_KEY_CHECKS=0 */;
/*!40101 SET @OLD_SQL_MODE=@@SQL_MODE, SQL_MODE='NO_AUTO_VALUE_ON_ZERO' */;
/*!40111 SET @OLD_SQL_NOTES=@@SQL_NOTES, SQL_NOTES=0 */;


-- Adatbázis struktúra mentése a inventory.
CREATE DATABASE IF NOT EXISTS `inventory` /*!40100 DEFAULT CHARACTER SET utf8 COLLATE utf8_bin */;
USE `inventory`;

-- Struktúra mentése tábla inventory. logs
CREATE TABLE IF NOT EXISTS `logs` (
  `id` bigint(20) unsigned NOT NULL AUTO_INCREMENT,
  `shop_id` bigint(20) unsigned NOT NULL,
  `user_id` bigint(20) unsigned NOT NULL,
  `description` text COLLATE utf8mb4_unicode_ci NOT NULL,
  `date` timestamp NOT NULL DEFAULT CURRENT_TIMESTAMP,
  PRIMARY KEY (`id`),
  KEY `logs_shop_id_foreign` (`shop_id`),
  KEY `logs_user_id_foreign` (`user_id`),
  CONSTRAINT `logs_shop_id_foreign` FOREIGN KEY (`shop_id`) REFERENCES `shops` (`id`) ON DELETE CASCADE,
  CONSTRAINT `logs_user_id_foreign` FOREIGN KEY (`user_id`) REFERENCES `users` (`id`) ON DELETE CASCADE
) ENGINE=InnoDB AUTO_INCREMENT=205 DEFAULT CHARSET=utf8mb4 COLLATE=utf8mb4_unicode_ci;

-- Tábla adatainak mentése inventory.logs: ~204 rows (hozzávetőleg)
/*!40000 ALTER TABLE `logs` DISABLE KEYS */;
INSERT INTO `logs` (`id`, `shop_id`, `user_id`, `description`, `date`) VALUES
	(1, 1, 1, 'Egy almát törölt a rendszerből, mert megromlott', '2022-12-05 00:00:00'),
	(2, 1, 1, 'Hozzáadott egy almát rendszerhez, mert mégsem megromlott', '2022-12-06 00:00:00'),
	(3, 1, 1, 'Egy almát törölt a rendszerből, mert mégis megromlott', '2022-12-07 00:00:00'),
	(4, 1, 1, 'Egy almát törölt a rendszerből, mert igazából mégsem romlott meg', '2022-12-08 00:00:00'),
	(5, 16, 2, 'Iste reiciendis itaque quaerat sit cupiditate et.', '2023-03-15 08:13:03'),
	(6, 15, 3, 'Eligendi ab qui quibusdam qui similique.', '2023-02-28 21:32:55'),
	(7, 18, 6, 'Nihil eum tempore commodi at iusto voluptas et aperiam.', '2023-02-24 05:09:28'),
	(8, 19, 7, 'Dolores quo et nostrum sit ea.', '2023-04-02 13:35:19'),
	(9, 11, 5, 'Nostrum neque nemo saepe omnis quos vitae.', '2023-04-06 21:10:29'),
	(10, 6, 6, 'Vel vitae est incidunt neque voluptatem eos.', '2023-01-31 06:27:18'),
	(11, 14, 3, 'Harum est iste voluptatem quaerat reiciendis nihil est.', '2023-04-10 03:43:01'),
	(12, 5, 3, 'Amet voluptatem in aliquid illum numquam.', '2023-03-25 23:58:24'),
	(13, 5, 1, 'Laboriosam corporis perspiciatis laborum.', '2023-02-08 18:20:22'),
	(14, 2, 1, 'Quis possimus sunt amet nesciunt a in.', '2023-03-29 14:08:30'),
	(15, 11, 6, 'Velit provident voluptatem expedita quo velit ad saepe.', '2023-03-14 23:04:30'),
	(16, 4, 7, 'Nesciunt officia culpa maiores expedita cum non.', '2023-03-02 17:57:22'),
	(17, 13, 7, 'Unde in in ut quasi quod asperiores.', '2023-03-07 09:44:31'),
	(18, 3, 4, 'Illo aut ut tempora amet nihil.', '2023-01-26 00:16:46'),
	(19, 19, 5, 'Cumque libero numquam voluptatibus perspiciatis eum.', '2023-02-12 13:28:29'),
	(20, 7, 3, 'Saepe impedit aliquam sint ratione illo velit ducimus.', '2023-03-20 17:30:50'),
	(21, 5, 4, 'Distinctio omnis temporibus ab perferendis.', '2023-04-15 18:09:18'),
	(22, 11, 1, 'Odit voluptatum voluptates et odit earum.', '2023-04-05 21:10:39'),
	(23, 9, 6, 'Explicabo laudantium blanditiis illo aut repellendus distinctio voluptatem minus.', '2023-05-02 21:10:39'),
	(24, 18, 3, 'Voluptate modi maiores dolores officiis et quo dignissimos.', '2023-01-18 12:03:34'),
	(25, 11, 3, 'Cum et recusandae cupiditate accusantium repellendus.', '2023-04-25 13:28:06'),
	(26, 6, 4, 'Alias est error repellat ut dolores consequatur maxime.', '2023-02-04 07:40:20'),
	(27, 20, 7, 'Vero dolorum odio totam minus tempore ad.', '2023-03-15 06:43:57'),
	(28, 3, 1, 'Quis enim iusto quae veritatis sint.', '2023-04-09 07:22:32'),
	(29, 13, 6, 'Enim dolores quis voluptas quidem esse dicta aspernatur accusamus.', '2023-02-27 07:10:04'),
	(30, 14, 3, 'Veniam aperiam et vero molestias maxime et.', '2023-03-27 06:27:27'),
	(31, 9, 7, 'At asperiores aspernatur tenetur et explicabo non.', '2023-03-09 18:23:02'),
	(32, 10, 5, 'Id modi natus optio adipisci id ea nulla.', '2023-04-19 07:44:02'),
	(33, 20, 1, 'Et fugit eos sunt aliquam.', '2023-01-21 00:24:21'),
	(34, 1, 1, 'Et qui earum culpa sequi quia et repellat.', '2023-02-05 19:20:16'),
	(35, 6, 5, 'Occaecati nihil placeat commodi porro doloribus consequatur.', '2023-03-03 15:28:50'),
	(36, 3, 7, 'Et soluta facilis maiores quia omnis eius quis voluptates.', '2023-02-09 14:50:01'),
	(37, 15, 3, 'Impedit sequi perferendis sunt quo qui ut.', '2023-01-29 08:27:50'),
	(38, 10, 7, 'Nisi mollitia ipsa et sint provident quia.', '2023-04-05 00:07:41'),
	(39, 16, 2, 'Minus dolores laboriosam voluptatem et id et.', '2023-04-16 00:30:58'),
	(40, 12, 7, 'Aut cupiditate et sit dolor molestias voluptas delectus necessitatibus.', '2023-03-28 19:39:21'),
	(41, 8, 1, 'Reprehenderit ex amet omnis non doloremque tempore.', '2023-01-14 15:11:01'),
	(42, 18, 2, 'Dolore voluptatem aperiam ea commodi nostrum.', '2023-04-23 05:26:35'),
	(43, 13, 3, 'Quaerat odio tenetur error occaecati quo fugiat incidunt.', '2023-01-23 19:55:23'),
	(44, 2, 7, 'Quidem omnis aut itaque nesciunt mollitia tenetur ducimus.', '2023-05-04 18:20:52'),
	(45, 18, 5, 'Aut voluptatem qui provident modi impedit aut soluta.', '2023-03-29 07:46:33'),
	(46, 15, 7, 'Recusandae qui ut ut vero animi recusandae.', '2023-01-19 06:26:24'),
	(47, 7, 7, 'Voluptatem eius ab hic est recusandae qui.', '2023-04-18 11:58:25'),
	(48, 3, 3, 'Doloremque delectus sed porro eligendi nisi.', '2023-02-08 06:45:48'),
	(49, 12, 3, 'Soluta fugit fuga tenetur.', '2023-02-18 22:18:03'),
	(50, 6, 5, 'Ut possimus laboriosam voluptate et voluptatem mollitia.', '2023-01-17 18:44:40'),
	(51, 8, 2, 'Pariatur quia doloremque aut harum nemo hic.', '2023-02-23 12:37:50'),
	(52, 11, 7, 'Recusandae illo fugiat nesciunt maxime ipsum nulla fuga.', '2023-03-08 03:50:27'),
	(53, 10, 6, 'Qui et quis a magni.', '2023-04-19 15:27:22'),
	(54, 17, 3, 'Excepturi iure nihil sit fugiat et ut est qui.', '2023-01-25 06:07:33'),
	(55, 11, 3, 'Maiores eaque in eius rem.', '2023-02-24 22:15:43'),
	(56, 16, 4, 'Officia ea ducimus nam architecto qui.', '2023-01-21 14:51:16'),
	(57, 8, 7, 'Alias ab sed id et veniam voluptatem.', '2023-04-12 14:13:11'),
	(58, 1, 1, 'Ipsa tempora in qui qui.', '2023-03-10 06:05:12'),
	(59, 12, 3, 'Magni voluptatibus tenetur placeat debitis.', '2023-03-09 15:29:16'),
	(60, 12, 3, 'Minima cupiditate earum porro qui odio.', '2023-03-07 22:03:18'),
	(61, 17, 7, 'Quidem odio earum consequatur ut.', '2023-02-19 14:00:37'),
	(62, 18, 3, 'Quo qui laborum est suscipit voluptatem harum.', '2023-02-24 05:06:28'),
	(63, 7, 7, 'Optio quo voluptate neque officia laboriosam ipsum.', '2023-01-18 23:14:56'),
	(64, 15, 7, 'Eligendi accusamus molestias delectus quod accusantium voluptatibus.', '2023-03-30 02:26:17'),
	(65, 8, 2, 'Dolores repellat quis autem enim consequatur et a.', '2023-03-18 20:47:23'),
	(66, 14, 4, 'In blanditiis quasi quia id mollitia nihil.', '2023-01-13 08:07:13'),
	(67, 16, 7, 'Consequatur ut unde quas provident.', '2023-02-16 01:34:47'),
	(68, 10, 3, 'Magni rerum a quos quia qui ipsa omnis.', '2023-03-26 07:27:29'),
	(69, 6, 5, 'Atque officia et omnis qui.', '2023-02-21 00:47:51'),
	(70, 17, 3, 'Id nostrum dolorum et ducimus.', '2023-01-27 19:32:53'),
	(71, 7, 3, 'Dolores aperiam aspernatur dolores quam id provident nam.', '2023-04-05 23:15:36'),
	(72, 19, 3, 'Laboriosam voluptas mollitia sit aperiam quidem quia cumque.', '2023-01-23 15:49:51'),
	(73, 19, 4, 'Et aspernatur recusandae tempora nulla.', '2023-02-18 03:01:15'),
	(74, 2, 6, 'Nam placeat nobis rerum quibusdam aut repudiandae.', '2023-04-07 09:07:50'),
	(75, 2, 3, 'Eius tempore consectetur inventore.', '2023-03-16 05:56:01'),
	(76, 20, 6, 'Ut odit rerum vel magnam ut.', '2023-02-24 09:40:57'),
	(77, 5, 5, 'Consequatur qui error qui placeat ab veniam.', '2023-02-18 21:32:21'),
	(78, 1, 4, 'Esse eveniet voluptates cupiditate excepturi repudiandae rerum omnis.', '2023-02-11 11:13:30'),
	(79, 11, 2, 'Vel eum sapiente delectus quas doloremque.', '2023-03-24 23:02:13'),
	(80, 17, 4, 'Vitae voluptatum quaerat incidunt neque.', '2023-02-13 15:28:12'),
	(81, 19, 1, 'Officia ut et nulla maiores ratione nihil molestiae voluptatum.', '2023-01-14 16:33:35'),
	(82, 11, 7, 'Ut sequi sed accusamus autem.', '2023-04-14 22:40:04'),
	(83, 19, 2, 'Eaque eum ut natus minus dolorem voluptatem illum.', '2023-01-21 00:51:18'),
	(84, 2, 2, 'Itaque ea tempore repellat aspernatur.', '2023-01-28 03:48:54'),
	(85, 15, 5, 'Et laudantium veniam omnis nulla exercitationem accusantium maxime omnis.', '2023-02-10 23:45:43'),
	(86, 16, 4, 'Similique dolorem cupiditate recusandae fugit dignissimos animi.', '2023-02-25 02:08:03'),
	(87, 10, 6, 'Voluptas molestiae eum illo.', '2023-03-21 07:56:29'),
	(88, 2, 3, 'Est aut quis laborum provident.', '2023-04-11 07:06:51'),
	(89, 3, 7, 'Similique consequatur dolor quidem quo et eaque adipisci.', '2023-03-14 14:27:53'),
	(90, 14, 5, 'Officiis unde et nesciunt eos corporis cupiditate.', '2023-04-12 05:00:55'),
	(91, 18, 2, 'Ipsa enim qui aliquid dolor fugit veritatis aut.', '2023-02-02 20:09:49'),
	(92, 20, 5, 'Quo sit animi praesentium saepe eaque.', '2023-01-24 13:14:35'),
	(93, 8, 2, 'Quas deserunt iste omnis aspernatur.', '2023-02-21 19:27:32'),
	(94, 19, 5, 'Cum voluptatem distinctio aperiam temporibus ab debitis quo.', '2023-03-21 06:26:37'),
	(95, 4, 6, 'Esse earum qui quia sed.', '2023-01-31 20:38:25'),
	(96, 1, 7, 'Ut explicabo quo mollitia et vel nulla.', '2023-02-10 10:26:42'),
	(97, 14, 4, 'Non quia qui culpa doloribus facere.', '2023-03-25 17:54:47'),
	(98, 11, 2, 'Est provident ab expedita iste fugiat.', '2023-03-16 12:51:50'),
	(99, 11, 6, 'Voluptatem itaque ut illo voluptas sed.', '2023-04-09 15:20:45'),
	(100, 6, 2, 'Autem autem tempore qui cupiditate.', '2023-04-07 21:28:17'),
	(101, 14, 1, 'Nostrum optio consequatur corporis aliquam autem quia sunt.', '2023-03-10 06:53:41'),
	(102, 3, 2, 'Ad error nulla deserunt et non molestias.', '2023-04-12 02:03:53'),
	(103, 7, 3, 'In sit aut quia culpa dolor nihil.', '2023-04-14 00:35:32'),
	(104, 15, 3, 'Ut ut corporis inventore omnis voluptatem fuga voluptatem neque.', '2023-03-30 16:22:28'),
	(105, 6, 1, 'Quis reprehenderit dolores non nemo ipsa.', '2023-03-21 01:23:20'),
	(106, 14, 4, 'Autem dolorem laborum ex cumque.', '2023-04-28 16:27:15'),
	(107, 6, 5, 'Nostrum cupiditate expedita ut qui id fugit consequatur itaque.', '2023-01-21 17:14:28'),
	(108, 3, 4, 'Et ad perferendis totam.', '2023-02-04 02:18:47'),
	(109, 11, 1, 'Molestiae sed atque voluptates qui.', '2023-04-15 19:02:29'),
	(110, 16, 4, 'Cumque et alias fugiat totam et sint.', '2023-04-17 01:17:31'),
	(111, 18, 5, 'Enim tempore explicabo dolore eius ut accusantium.', '2023-01-31 15:23:41'),
	(112, 14, 2, 'Voluptatem quam corrupti aut fugiat.', '2023-03-16 13:25:11'),
	(113, 15, 6, 'Quisquam sit laborum placeat voluptas.', '2023-02-08 20:24:28'),
	(114, 11, 7, 'Est libero magni fuga aliquam ut aspernatur.', '2023-03-16 15:01:37'),
	(115, 7, 1, 'Illum impedit non ut fugit quam.', '2023-03-25 00:27:15'),
	(116, 3, 3, 'Fuga nobis reprehenderit asperiores ducimus nesciunt dicta.', '2023-03-24 02:24:26'),
	(117, 19, 5, 'Distinctio animi nulla voluptatem omnis quia laborum quas doloribus.', '2023-03-04 05:35:40'),
	(118, 20, 2, 'Ea aut error occaecati error doloribus molestiae illo.', '2023-02-02 12:36:19'),
	(119, 11, 7, 'Natus eos dolor autem asperiores.', '2023-04-29 01:09:49'),
	(120, 16, 3, 'Tenetur iste facilis recusandae fugiat.', '2023-04-30 19:15:03'),
	(121, 1, 2, 'Delectus repellat velit est ab.', '2023-01-14 00:34:12'),
	(122, 5, 7, 'Ipsum consequatur ut aliquid et blanditiis facere eum voluptas.', '2023-03-03 03:37:09'),
	(123, 9, 5, 'Eveniet rem iste qui iste qui nostrum.', '2023-04-19 23:41:57'),
	(124, 3, 5, 'Inventore consequatur aspernatur optio aut.', '2023-04-22 11:36:31'),
	(125, 9, 5, 'Molestiae aut sed quidem molestiae consequatur quis mollitia.', '2023-02-13 17:48:25'),
	(126, 6, 6, 'Aut fugiat omnis et error.', '2023-03-20 22:29:29'),
	(127, 8, 1, 'Quia exercitationem perferendis dolorum nesciunt.', '2023-01-21 21:58:25'),
	(128, 1, 7, 'Fugiat voluptatem quia officia nemo et quia.', '2023-02-07 13:19:17'),
	(129, 18, 7, 'Molestiae quasi quam necessitatibus corporis eos rem et.', '2023-04-07 13:43:12'),
	(130, 15, 4, 'Vel exercitationem est vero quisquam nostrum sunt debitis.', '2023-05-02 09:58:33'),
	(131, 7, 5, 'Consectetur quod reiciendis quibusdam facere velit sint quaerat.', '2023-03-19 05:01:46'),
	(132, 17, 1, 'Delectus labore dolor dolores assumenda atque praesentium.', '2023-04-24 18:03:25'),
	(133, 19, 2, 'Eaque rerum doloribus tenetur molestiae exercitationem.', '2023-04-22 03:17:11'),
	(134, 13, 5, 'Ut adipisci corporis magnam minus.', '2023-02-16 17:50:55'),
	(135, 18, 2, 'Id repudiandae optio necessitatibus odit dolor mollitia.', '2023-04-24 16:36:54'),
	(136, 19, 1, 'Facilis id eius mollitia sed est non consequuntur quia.', '2023-02-01 19:08:22'),
	(137, 4, 5, 'Ut est aut et inventore dolorum perspiciatis nemo eaque.', '2023-03-12 21:47:08'),
	(138, 6, 2, 'Sit distinctio fugiat commodi illo eveniet eveniet fugit.', '2023-05-01 07:02:33'),
	(139, 10, 2, 'Qui consequatur dolores cum.', '2023-02-07 16:28:26'),
	(140, 11, 7, 'Molestiae non earum qui pariatur voluptas fuga quae cum.', '2023-04-25 00:16:20'),
	(141, 11, 7, 'Ipsum corrupti aut sunt ut itaque.', '2023-04-15 22:24:44'),
	(142, 8, 6, 'Numquam eius dolorum quia cumque quibusdam aut aut aut.', '2023-03-01 06:40:11'),
	(143, 5, 1, 'Enim saepe est qui ducimus.', '2023-04-04 14:27:42'),
	(144, 7, 7, 'Perspiciatis molestias iure ut ea voluptatem.', '2023-04-03 23:33:16'),
	(145, 5, 6, 'Maiores sed ut quia ut.', '2023-01-31 13:57:12'),
	(146, 5, 3, 'Ut aut commodi et facilis enim amet earum error.', '2023-02-19 21:46:12'),
	(147, 5, 5, 'Nesciunt dolores ut at non et dolore ut.', '2023-03-21 08:39:28'),
	(148, 13, 1, 'Quam et est molestias.', '2023-03-17 00:28:34'),
	(149, 19, 3, 'Cum ad quam ea vitae totam consequatur ab.', '2023-01-25 06:50:56'),
	(150, 10, 5, 'Tempore et consequatur explicabo doloribus voluptates.', '2023-04-25 09:23:08'),
	(151, 14, 3, 'Omnis laborum ducimus corporis magni.', '2023-01-26 17:44:24'),
	(152, 20, 3, 'Ut voluptates asperiores error quod doloribus corporis.', '2023-04-21 21:45:31'),
	(153, 19, 4, 'Et eum accusamus enim voluptas debitis fuga.', '2023-02-27 16:01:26'),
	(154, 10, 3, 'Sint aspernatur est qui eius inventore.', '2023-04-03 02:38:29'),
	(155, 18, 2, 'Occaecati non libero hic sed iusto.', '2023-02-04 01:58:11'),
	(156, 9, 3, 'Temporibus dolorem et optio a.', '2023-04-01 03:43:37'),
	(157, 4, 5, 'Eum consequuntur veniam fugiat cupiditate sequi atque.', '2023-01-27 19:27:07'),
	(158, 18, 4, 'Quo ex deserunt sunt et culpa voluptas dolore.', '2023-01-21 11:49:54'),
	(159, 19, 1, 'Sed possimus placeat voluptas cum.', '2023-04-18 18:15:35'),
	(160, 2, 5, 'Consequatur laboriosam vel eum consequatur voluptatem et.', '2023-03-20 03:12:35'),
	(161, 15, 7, 'Ut odit ipsum aut dignissimos odit sit cupiditate ut.', '2023-04-19 10:39:03'),
	(162, 17, 1, 'Qui voluptate non non quia.', '2023-04-28 13:14:26'),
	(163, 4, 3, 'Dolor fuga tempore praesentium minus.', '2023-03-19 05:58:47'),
	(164, 4, 5, 'Qui cumque quod odio aut.', '2023-04-16 06:37:44'),
	(165, 2, 4, 'Eos doloremque minima eum vitae sit sint.', '2023-03-15 02:12:41'),
	(166, 6, 3, 'Dolorum unde id sit et magnam dignissimos et.', '2023-03-26 13:39:40'),
	(167, 13, 7, 'Non quo ducimus qui sunt doloremque.', '2023-03-02 07:33:10'),
	(168, 7, 3, 'Cum perspiciatis nemo aut vitae qui quia illum.', '2023-04-07 11:06:22'),
	(169, 10, 2, 'Maxime voluptatem ut inventore qui fuga vitae.', '2023-03-18 17:32:48'),
	(170, 3, 3, 'Tenetur eius error inventore non illo aspernatur.', '2023-01-22 07:57:59'),
	(171, 1, 5, 'Harum sed neque reprehenderit.', '2023-04-13 05:35:00'),
	(172, 18, 5, 'Tempora eos corrupti id rerum deserunt a.', '2023-03-29 11:38:34'),
	(173, 6, 1, 'Beatae aliquam hic minima illo eveniet est quod.', '2023-03-26 06:43:09'),
	(174, 8, 1, 'Animi occaecati laudantium voluptas aut odit.', '2023-01-26 10:40:08'),
	(175, 3, 1, 'Assumenda dicta provident voluptatem et aut et in.', '2023-04-08 15:52:40'),
	(176, 1, 6, 'Rerum rerum dolores quidem occaecati aliquam libero rerum autem.', '2023-03-04 08:56:38'),
	(177, 12, 4, 'Vel pariatur iure blanditiis quibusdam a nam.', '2023-01-21 03:46:27'),
	(178, 11, 1, 'Et corporis necessitatibus et ipsam recusandae ipsam.', '2023-04-25 17:26:06'),
	(179, 5, 1, 'Eum ea assumenda dicta ipsam.', '2023-02-23 18:39:48'),
	(180, 6, 3, 'Error totam sequi ut.', '2023-01-29 20:00:25'),
	(181, 5, 1, 'Qui doloribus sit ut qui.', '2023-05-05 04:01:01'),
	(182, 8, 6, 'At et saepe et eveniet voluptatem.', '2023-04-07 19:05:49'),
	(183, 4, 3, 'Quisquam libero et voluptas sapiente eius ut quas.', '2023-04-28 07:39:43'),
	(184, 8, 3, 'Quidem dolores eum illo repellendus cumque ut.', '2023-03-09 17:42:48'),
	(185, 11, 6, 'Aut officia excepturi neque perspiciatis quidem cupiditate.', '2023-02-24 19:22:34'),
	(186, 20, 1, 'Similique vel nulla est et in maxime.', '2023-03-11 10:36:35'),
	(187, 3, 6, 'Aliquid mollitia inventore pariatur sit ratione quas debitis.', '2023-01-22 18:47:16'),
	(188, 1, 1, 'Facilis officia quisquam harum illum ut.', '2023-02-03 22:22:29'),
	(189, 17, 6, 'Quasi ut facilis aspernatur corporis tenetur.', '2023-02-02 07:58:16'),
	(190, 14, 7, 'Harum quia pariatur expedita molestiae voluptatibus cupiditate corporis.', '2023-01-27 22:54:55'),
	(191, 13, 3, 'Ex quidem ab eligendi incidunt.', '2023-02-06 12:33:50'),
	(192, 2, 4, 'Sed ut sint occaecati odio delectus architecto.', '2023-02-04 18:12:12'),
	(193, 12, 6, 'Et et ut et aut ipsum doloribus porro magni.', '2023-01-26 09:40:32'),
	(194, 13, 1, 'Est et iusto omnis minima odio dolorem.', '2023-04-19 13:06:58'),
	(195, 8, 1, 'Quisquam sint quo est.', '2023-04-08 04:28:27'),
	(196, 17, 4, 'Dolores doloremque accusamus omnis perferendis aut est dolorum.', '2023-02-18 16:23:04'),
	(197, 9, 1, 'Voluptatem et harum aut non.', '2023-02-18 11:15:51'),
	(198, 12, 4, 'Laudantium saepe voluptatem vero velit quia totam.', '2023-04-19 20:34:52'),
	(199, 17, 1, 'Mollitia deleniti aperiam libero id ut est.', '2023-01-21 16:13:41'),
	(200, 13, 4, 'Quisquam qui vitae illum at animi.', '2023-02-12 07:27:57'),
	(201, 11, 4, 'Incidunt suscipit voluptatem aut quasi dolore.', '2023-04-29 11:31:19'),
	(202, 12, 4, 'Voluptas quae voluptatem incidunt quam neque.', '2023-03-17 14:32:54'),
	(203, 16, 5, 'Praesentium nesciunt necessitatibus quaerat ipsum omnis quia pariatur.', '2023-02-25 14:33:23'),
	(204, 9, 1, 'Quia fugit ipsam est corrupti.', '2023-03-03 01:51:57');
/*!40000 ALTER TABLE `logs` ENABLE KEYS */;

-- Struktúra mentése tábla inventory. migrations
CREATE TABLE IF NOT EXISTS `migrations` (
  `id` int(10) unsigned NOT NULL AUTO_INCREMENT,
  `migration` varchar(255) COLLATE utf8mb4_unicode_ci NOT NULL,
  `batch` int(11) NOT NULL,
  PRIMARY KEY (`id`)
) ENGINE=InnoDB AUTO_INCREMENT=11 DEFAULT CHARSET=utf8mb4 COLLATE=utf8mb4_unicode_ci;

-- Tábla adatainak mentése inventory.migrations: ~10 rows (hozzávetőleg)
/*!40000 ALTER TABLE `migrations` DISABLE KEYS */;
INSERT INTO `migrations` (`id`, `migration`, `batch`) VALUES
	(1, '2019_12_14_000001_create_personal_access_tokens_table', 1),
	(2, '2022_12_03_115112_create_shop_types_table', 1),
	(3, '2022_12_03_124529_create_shops_table', 1),
	(4, '2022_12_03_132845_create_users_table', 1),
	(5, '2022_12_03_145243_create_logs_table', 1),
	(6, '2022_12_03_161752_create_products_table', 1),
	(7, '2022_12_03_171842_create_storage_table', 1),
	(8, '2023_01_17_145339_create_ratings_table', 1),
	(9, '2023_01_30_185846_create_opening_hours_table', 1),
	(10, '2023_02_21_103255_Tokens', 1);
/*!40000 ALTER TABLE `migrations` ENABLE KEYS */;

-- Struktúra mentése tábla inventory. opening_hours
CREATE TABLE IF NOT EXISTS `opening_hours` (
  `id` bigint(20) unsigned NOT NULL AUTO_INCREMENT,
  `shop_id` bigint(20) unsigned NOT NULL,
  `day` varchar(255) COLLATE utf8mb4_unicode_ci NOT NULL,
  `is_open` tinyint(1) NOT NULL DEFAULT '0',
  `open` time DEFAULT NULL,
  `close` time DEFAULT NULL,
  PRIMARY KEY (`id`),
  UNIQUE KEY `opening_hours_shop_id_day_unique` (`shop_id`,`day`),
  CONSTRAINT `opening_hours_shop_id_foreign` FOREIGN KEY (`shop_id`) REFERENCES `shops` (`id`) ON DELETE CASCADE
) ENGINE=InnoDB AUTO_INCREMENT=15 DEFAULT CHARSET=utf8mb4 COLLATE=utf8mb4_unicode_ci;

-- Tábla adatainak mentése inventory.opening_hours: ~14 rows (hozzávetőleg)
/*!40000 ALTER TABLE `opening_hours` DISABLE KEYS */;
INSERT INTO `opening_hours` (`id`, `shop_id`, `day`, `is_open`, `open`, `close`) VALUES
	(1, 1, 'Monday', 0, NULL, NULL),
	(2, 1, 'Tuesday', 1, '08:00:00', '16:00:00'),
	(3, 1, 'Wednesday', 1, '08:00:00', '16:00:00'),
	(4, 1, 'Thursday', 1, '08:00:00', '16:00:00'),
	(5, 1, 'Friday', 1, '08:00:00', '16:00:00'),
	(6, 1, 'Saturday', 1, '08:00:00', '20:00:00'),
	(7, 1, 'Sunday', 0, NULL, NULL),
	(8, 2, 'Monday', 0, NULL, NULL),
	(9, 2, 'Tuesday', 1, '08:00:00', '16:00:00'),
	(10, 2, 'Wednesday', 1, '08:00:00', '16:00:00'),
	(11, 2, 'Thursday', 1, '08:00:00', '16:00:00'),
	(12, 2, 'Friday', 1, '08:00:00', '16:00:00'),
	(13, 2, 'Saturday', 1, '08:00:00', '20:00:00'),
	(14, 2, 'Sunday', 0, NULL, NULL);
/*!40000 ALTER TABLE `opening_hours` ENABLE KEYS */;

-- Struktúra mentése tábla inventory. personal_access_tokens
CREATE TABLE IF NOT EXISTS `personal_access_tokens` (
  `id` bigint(20) unsigned NOT NULL AUTO_INCREMENT,
  `tokenable_type` varchar(255) COLLATE utf8mb4_unicode_ci NOT NULL,
  `tokenable_id` bigint(20) unsigned NOT NULL,
  `name` varchar(255) COLLATE utf8mb4_unicode_ci NOT NULL,
  `token` varchar(64) COLLATE utf8mb4_unicode_ci NOT NULL,
  `abilities` text COLLATE utf8mb4_unicode_ci,
  `last_used_at` timestamp NULL DEFAULT NULL,
  `created_at` timestamp NULL DEFAULT NULL,
  `updated_at` timestamp NULL DEFAULT NULL,
  PRIMARY KEY (`id`),
  UNIQUE KEY `personal_access_tokens_token_unique` (`token`),
  KEY `personal_access_tokens_tokenable_type_tokenable_id_index` (`tokenable_type`,`tokenable_id`)
) ENGINE=InnoDB DEFAULT CHARSET=utf8mb4 COLLATE=utf8mb4_unicode_ci;

-- Tábla adatainak mentése inventory.personal_access_tokens: ~0 rows (hozzávetőleg)
/*!40000 ALTER TABLE `personal_access_tokens` DISABLE KEYS */;
/*!40000 ALTER TABLE `personal_access_tokens` ENABLE KEYS */;

-- Struktúra mentése tábla inventory. products
CREATE TABLE IF NOT EXISTS `products` (
  `id` bigint(20) unsigned NOT NULL AUTO_INCREMENT,
  `name` varchar(255) COLLATE utf8mb4_unicode_ci NOT NULL,
  `packaging` varchar(255) COLLATE utf8mb4_unicode_ci NOT NULL,
  `unit_of_measure` varchar(255) COLLATE utf8mb4_unicode_ci NOT NULL,
  `type` varchar(255) COLLATE utf8mb4_unicode_ci NOT NULL,
  PRIMARY KEY (`id`)
) ENGINE=InnoDB AUTO_INCREMENT=254 DEFAULT CHARSET=utf8mb4 COLLATE=utf8mb4_unicode_ci;

-- Tábla adatainak mentése inventory.products: ~253 rows (hozzávetőleg)
/*!40000 ALTER TABLE `products` DISABLE KEYS */;
INSERT INTO `products` (`id`, `name`, `packaging`, `unit_of_measure`, `type`) VALUES
	(1, 'Tej', 'karton', 'rekesz', 'élelmiszer'),
	(2, 'Bor', 'üveg', 'darab', 'élelmiszer'),
	(3, 'Zsemle', 'nincs', 'darab', 'élelmiszer'),
	(4, 'Product-wdulvzp', 'műanyag', 'karton', 'játékok'),
	(5, 'Product-vymubip', 'nincs', 'karton', 'játékok'),
	(6, 'Product-khyhoik', 'karton', 'rekesz', 'élelmiszer'),
	(7, 'Product-nevjjlj', 'műanyag', 'darab', 'ruházat'),
	(8, 'Product-esuqvuk', 'műanyag', 'darab', 'élelmiszer'),
	(9, 'Product-jivwbxp', 'papír', 'darab', 'elektronika'),
	(10, 'Product-nyrxthn', 'üveg', 'darab', 'elektronika'),
	(11, 'Product-ectthzm', 'papír', 'karton', 'ruházat'),
	(12, 'Product-xfpbdwi', 'karton', 'karton', 'játékok'),
	(13, 'Product-yqsukil', 'nincs', 'karton', 'kertészet'),
	(14, 'Product-btyqwjz', 'nincs', 'karton', 'kertészet'),
	(15, 'Product-bndrwqr', 'műanyag', 'rekesz', 'kertészet'),
	(16, 'Product-cwuuxkk', 'üveg', 'rekesz', 'kertészet'),
	(17, 'Product-aqartwn', 'üveg', 'rekesz', 'elektronika'),
	(18, 'Product-unqfqid', 'nincs', 'karton', 'ruházat'),
	(19, 'Product-zkrmsur', 'üveg', 'rekesz', 'elektronika'),
	(20, 'Product-nlspkem', 'műanyag', 'rekesz', 'ruházat'),
	(21, 'Product-punnudi', 'karton', 'karton', 'kertészet'),
	(22, 'Product-kwomxez', 'papír', 'karton', 'ruházat'),
	(23, 'Product-izkdoil', 'műanyag', 'darab', 'ruházat'),
	(24, 'Product-kwdrikj', 'nincs', 'rekesz', 'elektronika'),
	(25, 'Product-rbzgegm', 'műanyag', 'darab', 'ruházat'),
	(26, 'Product-odoyite', 'nincs', 'darab', 'játékok'),
	(27, 'Product-trdibgh', 'üveg', 'rekesz', 'játékok'),
	(28, 'Product-ntnaztb', 'nincs', 'darab', 'játékok'),
	(29, 'Product-wupojkg', 'nincs', 'karton', 'elektronika'),
	(30, 'Product-auiooky', 'papír', 'darab', 'élelmiszer'),
	(31, 'Product-wivpxld', 'üveg', 'rekesz', 'élelmiszer'),
	(32, 'Product-limqtst', 'papír', 'rekesz', 'kertészet'),
	(33, 'Product-iyzdqja', 'papír', 'rekesz', 'kertészet'),
	(34, 'Product-pbvjbsq', 'nincs', 'karton', 'elektronika'),
	(35, 'Product-olxnlup', 'üveg', 'darab', 'ruházat'),
	(36, 'Product-vfnhgvh', 'nincs', 'rekesz', 'elektronika'),
	(37, 'Product-ozcsjsh', 'nincs', 'karton', 'élelmiszer'),
	(38, 'Product-owxstdt', 'papír', 'darab', 'ruházat'),
	(39, 'Product-nplmhmc', 'üveg', 'darab', 'játékok'),
	(40, 'Product-bbdsley', 'karton', 'rekesz', 'élelmiszer'),
	(41, 'Product-blzxofx', 'nincs', 'darab', 'ruházat'),
	(42, 'Product-ijrpxvq', 'üveg', 'darab', 'kertészet'),
	(43, 'Product-xnhxurt', 'üveg', 'karton', 'élelmiszer'),
	(44, 'Product-tqfwfbs', 'műanyag', 'karton', 'élelmiszer'),
	(45, 'Product-tyzpucg', 'karton', 'rekesz', 'élelmiszer'),
	(46, 'Product-fomcrnv', 'karton', 'darab', 'élelmiszer'),
	(47, 'Product-wednqbm', 'üveg', 'karton', 'élelmiszer'),
	(48, 'Product-nmdrppx', 'nincs', 'rekesz', 'elektronika'),
	(49, 'Product-rgwagro', 'papír', 'rekesz', 'kertészet'),
	(50, 'Product-kaudihe', 'üveg', 'darab', 'ruházat'),
	(51, 'Product-uiwzzlr', 'karton', 'karton', 'játékok'),
	(52, 'Product-lpqapyc', 'papír', 'rekesz', 'játékok'),
	(53, 'Product-sqdlvrm', 'karton', 'karton', 'ruházat'),
	(54, 'Product-rfkvuzm', 'papír', 'darab', 'élelmiszer'),
	(55, 'Product-jqhgssf', 'műanyag', 'rekesz', 'elektronika'),
	(56, 'Product-saosvez', 'üveg', 'karton', 'elektronika'),
	(57, 'Product-ixompzc', 'üveg', 'rekesz', 'ruházat'),
	(58, 'Product-pnbuwve', 'nincs', 'darab', 'kertészet'),
	(59, 'Product-iqlcgju', 'műanyag', 'rekesz', 'játékok'),
	(60, 'Product-guubpdg', 'papír', 'darab', 'elektronika'),
	(61, 'Product-tysuhcu', 'üveg', 'rekesz', 'kertészet'),
	(62, 'Product-ulhleeo', 'műanyag', 'karton', 'kertészet'),
	(63, 'Product-poeuinw', 'üveg', 'darab', 'játékok'),
	(64, 'Product-ibjzdse', 'papír', 'darab', 'játékok'),
	(65, 'Product-oplabtr', 'karton', 'darab', 'ruházat'),
	(66, 'Product-tcfkrii', 'papír', 'darab', 'élelmiszer'),
	(67, 'Product-oneeasw', 'műanyag', 'rekesz', 'kertészet'),
	(68, 'Product-yiqqawa', 'karton', 'karton', 'játékok'),
	(69, 'Product-lfoewlr', 'műanyag', 'rekesz', 'elektronika'),
	(70, 'Product-kfhxqlz', 'karton', 'rekesz', 'játékok'),
	(71, 'Product-jeltiot', 'üveg', 'darab', 'élelmiszer'),
	(72, 'Product-kdeanse', 'üveg', 'karton', 'ruházat'),
	(73, 'Product-oyympsn', 'papír', 'karton', 'kertészet'),
	(74, 'Product-azovbpj', 'karton', 'rekesz', 'kertészet'),
	(75, 'Product-npjusnc', 'műanyag', 'darab', 'játékok'),
	(76, 'Product-uiiuutw', 'műanyag', 'karton', 'játékok'),
	(77, 'Product-fmgfvnd', 'nincs', 'karton', 'kertészet'),
	(78, 'Product-tapcivt', 'karton', 'karton', 'ruházat'),
	(79, 'Product-kpyqtby', 'üveg', 'karton', 'elektronika'),
	(80, 'Product-rbdnrhm', 'műanyag', 'rekesz', 'kertészet'),
	(81, 'Product-xszsusw', 'nincs', 'darab', 'elektronika'),
	(82, 'Product-ckhengo', 'nincs', 'karton', 'ruházat'),
	(83, 'Product-ligpeos', 'műanyag', 'darab', 'elektronika'),
	(84, 'Product-facfqvv', 'papír', 'darab', 'kertészet'),
	(85, 'Product-aqhsgnr', 'papír', 'karton', 'elektronika'),
	(86, 'Product-mwcetrr', 'műanyag', 'darab', 'játékok'),
	(87, 'Product-auwfqeg', 'nincs', 'karton', 'elektronika'),
	(88, 'Product-mrxbqsk', 'műanyag', 'rekesz', 'ruházat'),
	(89, 'Product-sqngkoq', 'nincs', 'darab', 'ruházat'),
	(90, 'Product-mhmbzfd', 'papír', 'rekesz', 'elektronika'),
	(91, 'Product-efkwhoa', 'üveg', 'karton', 'elektronika'),
	(92, 'Product-fuljner', 'nincs', 'rekesz', 'elektronika'),
	(93, 'Product-ltmvbxr', 'karton', 'karton', 'kertészet'),
	(94, 'Product-wwdjiec', 'műanyag', 'karton', 'játékok'),
	(95, 'Product-bxivpcj', 'nincs', 'karton', 'játékok'),
	(96, 'Product-awkpkqq', 'műanyag', 'karton', 'ruházat'),
	(97, 'Product-okdphzy', 'papír', 'rekesz', 'kertészet'),
	(98, 'Product-eohmvzk', 'műanyag', 'karton', 'játékok'),
	(99, 'Product-egwsdss', 'műanyag', 'karton', 'játékok'),
	(100, 'Product-zrjsrcl', 'nincs', 'karton', 'játékok'),
	(101, 'Product-gepsezv', 'műanyag', 'rekesz', 'ruházat'),
	(102, 'Product-tyvrsof', 'papír', 'rekesz', 'elektronika'),
	(103, 'Product-rphixmu', 'nincs', 'rekesz', 'elektronika'),
	(104, 'Product-pqfalkm', 'üveg', 'rekesz', 'élelmiszer'),
	(105, 'Product-qyhyhal', 'műanyag', 'karton', 'játékok'),
	(106, 'Product-umghlct', 'nincs', 'darab', 'elektronika'),
	(107, 'Product-ymtlnhv', 'műanyag', 'darab', 'elektronika'),
	(108, 'Product-ylwirtb', 'karton', 'rekesz', 'kertészet'),
	(109, 'Product-orqgrdc', 'műanyag', 'karton', 'élelmiszer'),
	(110, 'Product-xuylioq', 'nincs', 'karton', 'játékok'),
	(111, 'Product-bebkagg', 'papír', 'darab', 'ruházat'),
	(112, 'Product-oeonmzs', 'papír', 'karton', 'kertészet'),
	(113, 'Product-obyenof', 'papír', 'darab', 'elektronika'),
	(114, 'Product-pzxfuix', 'papír', 'rekesz', 'játékok'),
	(115, 'Product-hpekxdk', 'papír', 'darab', 'kertészet'),
	(116, 'Product-gzmffro', 'nincs', 'karton', 'ruházat'),
	(117, 'Product-sryyobj', 'karton', 'rekesz', 'elektronika'),
	(118, 'Product-ynocyzj', 'nincs', 'karton', 'elektronika'),
	(119, 'Product-wchakxa', 'karton', 'karton', 'játékok'),
	(120, 'Product-yjnhxel', 'üveg', 'rekesz', 'kertészet'),
	(121, 'Product-pmhofks', 'nincs', 'darab', 'kertészet'),
	(122, 'Product-odkhgzq', 'nincs', 'karton', 'kertészet'),
	(123, 'Product-fsimhzp', 'műanyag', 'karton', 'játékok'),
	(124, 'Product-vyxjrxj', 'nincs', 'darab', 'ruházat'),
	(125, 'Product-ipthyvi', 'műanyag', 'karton', 'ruházat'),
	(126, 'Product-wnolryf', 'karton', 'rekesz', 'játékok'),
	(127, 'Product-yrhgllv', 'üveg', 'karton', 'elektronika'),
	(128, 'Product-ufyoxsb', 'műanyag', 'darab', 'játékok'),
	(129, 'Product-riluhmm', 'papír', 'rekesz', 'elektronika'),
	(130, 'Product-ougicis', 'nincs', 'darab', 'ruházat'),
	(131, 'Product-flxpttm', 'műanyag', 'karton', 'ruházat'),
	(132, 'Product-ftfvrgh', 'műanyag', 'karton', 'ruházat'),
	(133, 'Product-unhdcnf', 'üveg', 'darab', 'kertészet'),
	(134, 'Product-sfnpxeq', 'üveg', 'rekesz', 'élelmiszer'),
	(135, 'Product-xiylehi', 'papír', 'karton', 'kertészet'),
	(136, 'Product-swgsccp', 'papír', 'rekesz', 'játékok'),
	(137, 'Product-aecaxua', 'karton', 'rekesz', 'játékok'),
	(138, 'Product-zqpexfy', 'karton', 'darab', 'játékok'),
	(139, 'Product-orkaeqj', 'papír', 'darab', 'ruházat'),
	(140, 'Product-jovdbab', 'karton', 'rekesz', 'élelmiszer'),
	(141, 'Product-mhvbdeg', 'műanyag', 'rekesz', 'kertészet'),
	(142, 'Product-ygvzsaq', 'papír', 'darab', 'kertészet'),
	(143, 'Product-jqtnmum', 'műanyag', 'darab', 'játékok'),
	(144, 'Product-zswhjis', 'nincs', 'karton', 'játékok'),
	(145, 'Product-psygmww', 'nincs', 'rekesz', 'ruházat'),
	(146, 'Product-coxrtbj', 'műanyag', 'darab', 'ruházat'),
	(147, 'Product-tfugskl', 'nincs', 'rekesz', 'játékok'),
	(148, 'Product-epagujk', 'karton', 'karton', 'elektronika'),
	(149, 'Product-doevjga', 'nincs', 'karton', 'ruházat'),
	(150, 'Product-vxzbzcp', 'nincs', 'rekesz', 'elektronika'),
	(151, 'Product-tjoqgof', 'nincs', 'darab', 'élelmiszer'),
	(152, 'Product-knoghgs', 'üveg', 'karton', 'élelmiszer'),
	(153, 'Product-xwpmrwm', 'műanyag', 'rekesz', 'élelmiszer'),
	(154, 'Product-hlidikx', 'üveg', 'darab', 'élelmiszer'),
	(155, 'Product-ojazhui', 'üveg', 'rekesz', 'játékok'),
	(156, 'Product-skmaroa', 'műanyag', 'karton', 'játékok'),
	(157, 'Product-pjpcolr', 'nincs', 'rekesz', 'élelmiszer'),
	(158, 'Product-vmeomug', 'nincs', 'karton', 'élelmiszer'),
	(159, 'Product-ihefmvi', 'nincs', 'rekesz', 'élelmiszer'),
	(160, 'Product-aiogcbs', 'nincs', 'darab', 'kertészet'),
	(161, 'Product-kvrrjkc', 'nincs', 'darab', 'elektronika'),
	(162, 'Product-qabmicl', 'üveg', 'darab', 'kertészet'),
	(163, 'Product-kvfumro', 'papír', 'rekesz', 'elektronika'),
	(164, 'Product-jdbnqzw', 'nincs', 'darab', 'kertészet'),
	(165, 'Product-myhqtor', 'üveg', 'darab', 'elektronika'),
	(166, 'Product-dxcrdxw', 'papír', 'karton', 'elektronika'),
	(167, 'Product-yvhhbnj', 'műanyag', 'rekesz', 'játékok'),
	(168, 'Product-qvcgeiq', 'karton', 'karton', 'élelmiszer'),
	(169, 'Product-xosqpbo', 'nincs', 'darab', 'elektronika'),
	(170, 'Product-olktoln', 'üveg', 'rekesz', 'ruházat'),
	(171, 'Product-vshkwln', 'üveg', 'rekesz', 'élelmiszer'),
	(172, 'Product-lhnfilx', 'nincs', 'rekesz', 'kertészet'),
	(173, 'Product-iecapgl', 'papír', 'rekesz', 'játékok'),
	(174, 'Product-atyqpxd', 'üveg', 'rekesz', 'elektronika'),
	(175, 'Product-shvuuin', 'karton', 'darab', 'élelmiszer'),
	(176, 'Product-yrxekbl', 'műanyag', 'karton', 'ruházat'),
	(177, 'Product-nmnsqip', 'üveg', 'rekesz', 'elektronika'),
	(178, 'Product-unktixg', 'üveg', 'rekesz', 'elektronika'),
	(179, 'Product-mnjhggg', 'üveg', 'rekesz', 'játékok'),
	(180, 'Product-ksyixdx', 'karton', 'darab', 'játékok'),
	(181, 'Product-dyoczee', 'papír', 'karton', 'elektronika'),
	(182, 'Product-xwoodji', 'nincs', 'darab', 'játékok'),
	(183, 'Product-fzquygd', 'papír', 'rekesz', 'élelmiszer'),
	(184, 'Product-annpayc', 'üveg', 'karton', 'játékok'),
	(185, 'Product-ytynvpz', 'papír', 'rekesz', 'élelmiszer'),
	(186, 'Product-jdmsvdh', 'nincs', 'darab', 'kertészet'),
	(187, 'Product-zfxkueb', 'papír', 'karton', 'élelmiszer'),
	(188, 'Product-tnoeylb', 'nincs', 'darab', 'játékok'),
	(189, 'Product-siezvvz', 'nincs', 'darab', 'kertészet'),
	(190, 'Product-obfxlqo', 'nincs', 'karton', 'ruházat'),
	(191, 'Product-tnudcqv', 'műanyag', 'darab', 'játékok'),
	(192, 'Product-yutvvov', 'papír', 'karton', 'élelmiszer'),
	(193, 'Product-gpsgopw', 'papír', 'karton', 'ruházat'),
	(194, 'Product-mopmomb', 'műanyag', 'karton', 'ruházat'),
	(195, 'Product-dgqlssr', 'üveg', 'karton', 'elektronika'),
	(196, 'Product-ihuhicd', 'karton', 'karton', 'ruházat'),
	(197, 'Product-hpxsqoi', 'nincs', 'karton', 'ruházat'),
	(198, 'Product-gvsiddy', 'műanyag', 'rekesz', 'élelmiszer'),
	(199, 'Product-whpzhdf', 'nincs', 'rekesz', 'játékok'),
	(200, 'Product-lwoynmd', 'üveg', 'darab', 'elektronika'),
	(201, 'Product-lohikit', 'papír', 'karton', 'kertészet'),
	(202, 'Product-fhvnoav', 'karton', 'darab', 'élelmiszer'),
	(203, 'Product-ivcniei', 'karton', 'darab', 'kertészet'),
	(204, 'Product-rjfqlka', 'karton', 'karton', 'elektronika'),
	(205, 'Product-nitqepq', 'karton', 'karton', 'kertészet'),
	(206, 'Product-tltetbq', 'karton', 'rekesz', 'játékok'),
	(207, 'Product-jsyckfh', 'műanyag', 'karton', 'játékok'),
	(208, 'Product-hbdflio', 'nincs', 'karton', 'élelmiszer'),
	(209, 'Product-rqlimpa', 'üveg', 'rekesz', 'kertészet'),
	(210, 'Product-tguikwy', 'üveg', 'rekesz', 'játékok'),
	(211, 'Product-jbrzxzm', 'műanyag', 'rekesz', 'kertészet'),
	(212, 'Product-btsfane', 'üveg', 'rekesz', 'elektronika'),
	(213, 'Product-jvcqqbl', 'nincs', 'darab', 'élelmiszer'),
	(214, 'Product-oltrplz', 'műanyag', 'darab', 'elektronika'),
	(215, 'Product-lctfnps', 'papír', 'darab', 'élelmiszer'),
	(216, 'Product-qrayewv', 'nincs', 'karton', 'élelmiszer'),
	(217, 'Product-ehcytuc', 'üveg', 'karton', 'élelmiszer'),
	(218, 'Product-pwrdufe', 'üveg', 'rekesz', 'elektronika'),
	(219, 'Product-ogqqtpx', 'papír', 'darab', 'elektronika'),
	(220, 'Product-qamblow', 'nincs', 'darab', 'ruházat'),
	(221, 'Product-ejapxkf', 'nincs', 'darab', 'kertészet'),
	(222, 'Product-jzadiuh', 'papír', 'darab', 'kertészet'),
	(223, 'Product-xypvsig', 'nincs', 'darab', 'játékok'),
	(224, 'Product-cgxfeqj', 'karton', 'rekesz', 'játékok'),
	(225, 'Product-xvlfbvj', 'műanyag', 'darab', 'élelmiszer'),
	(226, 'Product-vbhhdck', 'papír', 'darab', 'élelmiszer'),
	(227, 'Product-zpacalk', 'karton', 'karton', 'elektronika'),
	(228, 'Product-zvefpek', 'nincs', 'darab', 'élelmiszer'),
	(229, 'Product-lvoddoa', 'nincs', 'rekesz', 'elektronika'),
	(230, 'Product-yjsvwbv', 'karton', 'karton', 'kertészet'),
	(231, 'Product-klzeven', 'üveg', 'karton', 'ruházat'),
	(232, 'Product-otdtdos', 'üveg', 'rekesz', 'játékok'),
	(233, 'Product-tjkkpib', 'papír', 'rekesz', 'kertészet'),
	(234, 'Product-bwiyycj', 'nincs', 'karton', 'elektronika'),
	(235, 'Product-ntidzzg', 'műanyag', 'darab', 'ruházat'),
	(236, 'Product-arzqvbl', 'üveg', 'rekesz', 'elektronika'),
	(237, 'Product-xrlwvpd', 'műanyag', 'karton', 'kertészet'),
	(238, 'Product-vwiagtl', 'papír', 'rekesz', 'élelmiszer'),
	(239, 'Product-acszwbc', 'üveg', 'rekesz', 'elektronika'),
	(240, 'Product-jhmbcjd', 'műanyag', 'karton', 'élelmiszer'),
	(241, 'Product-wnomlny', 'műanyag', 'rekesz', 'elektronika'),
	(242, 'Product-anqiaor', 'papír', 'rekesz', 'elektronika'),
	(243, 'Product-hhakdnd', 'karton', 'karton', 'kertészet'),
	(244, 'Product-hasnbye', 'műanyag', 'darab', 'elektronika'),
	(245, 'Product-xjtietk', 'nincs', 'rekesz', 'ruházat'),
	(246, 'Product-ajadoqv', 'műanyag', 'rekesz', 'ruházat'),
	(247, 'Product-ouvvbcj', 'nincs', 'darab', 'ruházat'),
	(248, 'Product-uauvvzk', 'nincs', 'karton', 'kertészet'),
	(249, 'Product-hmuwicj', 'üveg', 'rekesz', 'elektronika'),
	(250, 'Product-wsrhudq', 'műanyag', 'karton', 'ruházat'),
	(251, 'Product-nbtpvup', 'üveg', 'darab', 'elektronika'),
	(252, 'Product-omaztxr', 'papír', 'rekesz', 'elektronika'),
	(253, 'Product-wqntrtc', 'műanyag', 'karton', 'élelmiszer');
/*!40000 ALTER TABLE `products` ENABLE KEYS */;

-- Struktúra mentése tábla inventory. ratings
CREATE TABLE IF NOT EXISTS `ratings` (
  `id` bigint(20) unsigned NOT NULL AUTO_INCREMENT,
  `shop_id` bigint(20) unsigned NOT NULL,
  `user_id` bigint(20) unsigned NOT NULL,
  `rating` int(11) NOT NULL,
  PRIMARY KEY (`id`),
  UNIQUE KEY `ratings_shop_id_user_id_unique` (`shop_id`,`user_id`),
  KEY `ratings_user_id_foreign` (`user_id`),
  CONSTRAINT `ratings_shop_id_foreign` FOREIGN KEY (`shop_id`) REFERENCES `shops` (`id`) ON DELETE CASCADE,
  CONSTRAINT `ratings_user_id_foreign` FOREIGN KEY (`user_id`) REFERENCES `users` (`id`) ON DELETE CASCADE
) ENGINE=InnoDB AUTO_INCREMENT=9 DEFAULT CHARSET=utf8mb4 COLLATE=utf8mb4_unicode_ci;

-- Tábla adatainak mentése inventory.ratings: ~8 rows (hozzávetőleg)
/*!40000 ALTER TABLE `ratings` DISABLE KEYS */;
INSERT INTO `ratings` (`id`, `shop_id`, `user_id`, `rating`) VALUES
	(1, 1, 1, 5),
	(2, 1, 2, 4),
	(3, 1, 3, 3),
	(4, 1, 4, 2),
	(5, 2, 1, 4),
	(6, 2, 2, 3),
	(7, 2, 3, 3),
	(8, 1, 5, 1);
/*!40000 ALTER TABLE `ratings` ENABLE KEYS */;

-- Struktúra mentése tábla inventory. shops
CREATE TABLE IF NOT EXISTS `shops` (
  `id` bigint(20) unsigned NOT NULL AUTO_INCREMENT,
  `name` varchar(255) COLLATE utf8mb4_unicode_ci NOT NULL,
  `shop_type_id` bigint(20) unsigned NOT NULL,
  `address` varchar(255) COLLATE utf8mb4_unicode_ci NOT NULL,
  `owner` varchar(255) COLLATE utf8mb4_unicode_ci NOT NULL,
  `city` varchar(255) COLLATE utf8mb4_unicode_ci NOT NULL,
  `image_path` varchar(255) COLLATE utf8mb4_unicode_ci DEFAULT NULL,
  `rating` double NOT NULL DEFAULT '0',
  `is_deleted` tinyint(1) NOT NULL DEFAULT '0',
  PRIMARY KEY (`id`),
  KEY `shops_shop_type_id_foreign` (`shop_type_id`),
  CONSTRAINT `shops_shop_type_id_foreign` FOREIGN KEY (`shop_type_id`) REFERENCES `shop_types` (`id`) ON DELETE CASCADE
) ENGINE=InnoDB AUTO_INCREMENT=21 DEFAULT CHARSET=utf8mb4 COLLATE=utf8mb4_unicode_ci;

-- Tábla adatainak mentése inventory.shops: ~20 rows (hozzávetőleg)
/*!40000 ALTER TABLE `shops` DISABLE KEYS */;
INSERT INTO `shops` (`id`, `name`, `shop_type_id`, `address`, `owner`, `city`, `image_path`, `rating`, `is_deleted`) VALUES
	(1, 'Tesco', 2, 'Pogányi út 7', 'Tesco PLC', 'Kőszeg', 'tesco1.jpg', 4.75, 0),
	(2, 'Tesco', 1, 'Zanati út 70', 'Tesco PLC', 'Szombathely', 'tesco2.jpg', 3.75, 0),
	(3, 'Coop', 3, 'Széchenyi tér 13', 'Co-op Hungary Zrt.', 'Cepreg', 'coop1.jpg', 2.37, 0),
	(4, 'Varga PC MOBIL & Irodatechnika', 3, 'Várkör 16', 'Bestbyte műszaki', 'Kőszeg', 'vargapc.jpg', 3, 0),
	(5, 'TESCO expressz', 3, 'IV. László király u. 39', 'Tesco PLC', 'Sopron', NULL, 1, 0),
	(6, 'TESCO expressz', 3, 'Király J. u 3', 'Tesco PLC', 'Sopron', NULL, 4.11, 0),
	(7, 'TESCO Hipermarket', 2, 'Ipar krt. 30', 'Tesco PLC', 'Sopron', NULL, 5, 0),
	(8, 'Tesco Expressz', 3, 'Hátsókapu 10', 'Tesco PLC', 'Sopron', NULL, 2, 0),
	(9, 'TESCO expressz', 3, 'Végfordulat 9', ' Peter Gazik', 'Sopron', NULL, 5, 0),
	(10, 'Yettel', 3, ' Ipar krt. 30', 'Tesco PLC', 'Sopron', NULL, 3.33, 0),
	(11, 'Orbán és Tsa', 1, ' Orbán átjáró 218. 65. emelet', 'Dr. Wilfred Daniel Jr.', 'Szombathely', NULL, 0, 0),
	(12, 'Csonka', 3, ' Hegedűs híd 25. 45. ajtó', 'Mr. Lucio Doyle MD', 'Gyomaendrőd', NULL, 0, 0),
	(13, 'Veres', 2, ' Orsós körtér 8.', 'Prof. Merl Franecki II', 'Budapest', NULL, 0, 0),
	(14, 'Soós Bt.', 1, ' Imre erdősor 38.', 'Milan Quitzon', 'Szekszárd', NULL, 0, 0),
	(15, 'Balázs Zrt.', 3, ' Veres üdülőpart 53.', 'Orval Keeling', 'Budapest', NULL, 0, 0),
	(16, 'Fülöp', 3, ' Boros útja 46.', 'Dr. Ike Batz', 'Székesfehérvár', NULL, 0, 0),
	(17, 'Szabó', 3, ' Kevin park 17.', 'Kamryn Olson DVM', 'Budapest', NULL, 0, 0),
	(18, 'Király Kht', 1, ' Jakab ösvény 4.', 'Miss Zoie Mann', 'Tatabánya', NULL, 0, 0),
	(19, 'Vörös Kht', 1, ' Kocsis erdősor 42. 47. emelet', 'Prof. Dwight Weissnat', 'Salgótarján', NULL, 0, 0),
	(20, 'Kerekes és Tsa', 1, ' Rudolf átjáró 9. 30. ajtó', 'Colleen Kihn', 'Salgótarján', NULL, 0, 0);
/*!40000 ALTER TABLE `shops` ENABLE KEYS */;

-- Struktúra mentése tábla inventory. shop_types
CREATE TABLE IF NOT EXISTS `shop_types` (
  `id` bigint(20) unsigned NOT NULL AUTO_INCREMENT,
  `name` varchar(255) COLLATE utf8mb4_unicode_ci NOT NULL,
  `description` varchar(255) COLLATE utf8mb4_unicode_ci DEFAULT NULL,
  `size` varchar(255) COLLATE utf8mb4_unicode_ci NOT NULL,
  PRIMARY KEY (`id`)
) ENGINE=InnoDB AUTO_INCREMENT=4 DEFAULT CHARSET=utf8mb4 COLLATE=utf8mb4_unicode_ci;

-- Tábla adatainak mentése inventory.shop_types: ~3 rows (hozzávetőleg)
/*!40000 ALTER TABLE `shop_types` DISABLE KEYS */;
INSERT INTO `shop_types` (`id`, `name`, `description`, `size`) VALUES
	(1, 'Hipermarket', 'Több 10000 SKU választék (stock keeping unit - cikkelem) min. 30% non-food/tartós fogy. cikkek, ruházat... egyéb „nem napi cikk”/ 10+ pénztárgép', '1000+'),
	(2, 'Szupermarket', 'Néhányezer SKU 3-10 pénztárgép', '400-1000'),
	(3, 'Kis (vegyes)bolt', 'CBA, egyéb lkáncok: esély a túlélésre, versenyképesebbek', '0-400');
/*!40000 ALTER TABLE `shop_types` ENABLE KEYS */;

-- Struktúra mentése tábla inventory. storages
CREATE TABLE IF NOT EXISTS `storages` (
  `id` bigint(20) unsigned NOT NULL AUTO_INCREMENT,
  `shop_id` bigint(20) unsigned NOT NULL,
  `product_id` bigint(20) unsigned NOT NULL,
  `amount` int(11) NOT NULL,
  `price` int(11) NOT NULL,
  `expiration` date DEFAULT NULL,
  `is_deleted` tinyint(1) NOT NULL DEFAULT '0',
  PRIMARY KEY (`id`),
  UNIQUE KEY `storages_shop_id_product_id_expiration_unique` (`shop_id`,`product_id`,`expiration`),
  KEY `storages_product_id_foreign` (`product_id`),
  CONSTRAINT `storages_product_id_foreign` FOREIGN KEY (`product_id`) REFERENCES `products` (`id`) ON DELETE CASCADE,
  CONSTRAINT `storages_shop_id_foreign` FOREIGN KEY (`shop_id`) REFERENCES `shops` (`id`) ON DELETE CASCADE
) ENGINE=InnoDB AUTO_INCREMENT=255 DEFAULT CHARSET=utf8mb4 COLLATE=utf8mb4_unicode_ci;

-- Tábla adatainak mentése inventory.storages: ~254 rows (hozzávetőleg)
/*!40000 ALTER TABLE `storages` DISABLE KEYS */;
INSERT INTO `storages` (`id`, `shop_id`, `product_id`, `amount`, `price`, `expiration`, `is_deleted`) VALUES
	(1, 1, 1, 20, 200, '2022-12-30', 1),
	(2, 1, 2, 10, 600, NULL, 0),
	(3, 1, 3, 50, 50, '2022-12-06', 0),
	(4, 2, 1, 50, 50, '2022-12-06', 0),
	(5, 4, 223, 3344, 64639, '2023-03-09', 1),
	(6, 14, 155, 8471, 88466, '2023-03-15', 0),
	(7, 12, 25, 3525, 7258, '2023-03-15', 0),
	(8, 18, 53, 9618, 1284, '2023-03-14', 0),
	(9, 3, 94, 8602, 58248, NULL, 0),
	(10, 9, 211, 1527, 4530, NULL, 0),
	(11, 11, 218, 3703, 28946, '2023-03-14', 0),
	(12, 18, 147, 3418, 22434, NULL, 1),
	(13, 10, 60, 1123, 13594, '2023-03-19', 0),
	(14, 14, 247, 9110, 64800, '2023-03-11', 0),
	(15, 13, 22, 9009, 5637, '2023-03-09', 1),
	(16, 11, 178, 5951, 53570, NULL, 0),
	(17, 9, 125, 5032, 95683, '2023-03-05', 1),
	(18, 9, 113, 6536, 10452, '2023-03-09', 0),
	(19, 3, 227, 3731, 10395, '2023-03-05', 0),
	(20, 4, 1, 4633, 10655, '2023-03-05', 0),
	(21, 10, 94, 7056, 64429, '2023-03-08', 0),
	(22, 16, 42, 7791, 13953, '2023-03-06', 1),
	(23, 13, 166, 8385, 61928, NULL, 1),
	(24, 19, 196, 6257, 97636, '2023-03-05', 0),
	(25, 2, 172, 9545, 81682, '2023-03-22', 0),
	(26, 16, 100, 7298, 16047, '2023-03-15', 1),
	(27, 11, 90, 1136, 85054, '2023-03-19', 1),
	(28, 4, 129, 4031, 76372, NULL, 1),
	(29, 18, 5, 5217, 41710, NULL, 0),
	(30, 16, 178, 6524, 41342, '2023-03-24', 0),
	(31, 19, 246, 5849, 27841, NULL, 0),
	(32, 6, 223, 1246, 44727, '2023-03-27', 0),
	(33, 11, 169, 1028, 35094, '2023-03-24', 1),
	(34, 4, 86, 8631, 2036, '2023-03-14', 1),
	(35, 6, 32, 7315, 6258, '2023-03-16', 1),
	(36, 8, 230, 9120, 30045, NULL, 1),
	(37, 5, 105, 4791, 82108, NULL, 1),
	(38, 20, 39, 2242, 59110, '2023-03-15', 1),
	(39, 15, 112, 2074, 55930, '2023-03-17', 1),
	(40, 19, 221, 2517, 72874, '2023-03-06', 0),
	(41, 10, 27, 8017, 33882, NULL, 0),
	(42, 2, 94, 5539, 98135, '2023-03-10', 0),
	(43, 17, 172, 6857, 27655, '2023-03-29', 0),
	(44, 13, 200, 433, 61349, '2023-03-25', 0),
	(45, 11, 77, 3335, 99270, '2023-03-05', 1),
	(46, 14, 113, 481, 33161, '2023-03-13', 0),
	(47, 10, 172, 108, 79825, NULL, 1),
	(48, 8, 161, 5902, 83850, NULL, 1),
	(49, 15, 130, 4003, 39536, '2023-03-11', 0),
	(50, 11, 176, 176, 93465, '2023-03-06', 0),
	(51, 14, 200, 5499, 75757, '2023-03-10', 1),
	(52, 15, 67, 7977, 14365, '2023-03-28', 1),
	(53, 19, 84, 4407, 4883, NULL, 1),
	(54, 9, 243, 960, 38368, '2023-03-08', 1),
	(55, 13, 214, 4775, 29820, NULL, 1),
	(56, 9, 84, 1395, 56621, '2023-03-07', 0),
	(57, 7, 9, 5204, 42548, '2023-03-13', 0),
	(58, 11, 106, 529, 89103, NULL, 1),
	(59, 17, 86, 6296, 72189, '2023-03-28', 0),
	(60, 13, 128, 1943, 88306, NULL, 1),
	(61, 14, 194, 546, 42693, '2023-03-27', 0),
	(62, 5, 91, 4188, 86438, '2023-03-19', 1),
	(63, 4, 63, 2003, 12621, '2023-03-11', 1),
	(64, 14, 236, 2409, 59110, '2023-03-26', 0),
	(65, 5, 183, 5156, 70711, '2023-03-08', 1),
	(66, 1, 164, 7597, 11163, '2023-03-08', 0),
	(67, 11, 115, 2603, 53409, '2023-03-15', 0),
	(68, 12, 106, 8508, 74239, '2023-03-24', 0),
	(69, 15, 13, 1595, 60042, '2023-03-18', 1),
	(70, 20, 65, 949, 53369, '2023-03-23', 1),
	(71, 14, 140, 9118, 95674, '2023-03-12', 0),
	(72, 8, 150, 860, 41292, '2023-03-16', 0),
	(73, 8, 181, 1251, 60228, '2023-03-20', 0),
	(74, 14, 85, 6653, 22683, '2023-03-05', 0),
	(75, 15, 103, 2346, 63000, NULL, 0),
	(76, 10, 116, 5837, 55419, '2023-03-19', 1),
	(77, 19, 63, 2430, 92794, NULL, 0),
	(78, 15, 17, 4095, 52383, '2023-03-05', 1),
	(79, 16, 91, 7918, 20329, '2023-03-30', 0),
	(80, 10, 6, 5874, 39933, '2023-03-21', 1),
	(81, 12, 162, 5099, 89483, NULL, 0),
	(82, 13, 126, 8958, 38909, '2023-03-28', 0),
	(83, 13, 70, 3934, 61373, '2023-03-29', 1),
	(84, 20, 129, 6158, 28169, '2023-03-21', 0),
	(85, 10, 189, 4652, 2049, '2023-03-29', 0),
	(86, 10, 234, 2860, 21217, '2023-03-15', 0),
	(87, 8, 221, 6455, 12795, '2023-03-22', 0),
	(88, 12, 162, 9600, 69106, '2023-03-26', 1),
	(89, 14, 39, 7747, 40203, '2023-03-17', 1),
	(90, 19, 22, 1862, 44850, NULL, 0),
	(91, 4, 237, 4393, 22765, '2023-03-19', 1),
	(92, 6, 81, 7049, 37626, NULL, 0),
	(93, 1, 190, 7811, 60042, '2023-03-22', 1),
	(94, 15, 228, 3139, 35804, '2023-03-22', 1),
	(95, 11, 56, 9275, 92116, '2023-03-04', 1),
	(96, 13, 132, 7786, 67983, NULL, 1),
	(97, 11, 30, 2014, 71450, '2023-03-14', 0),
	(98, 6, 221, 3263, 32631, NULL, 1),
	(99, 2, 110, 7084, 40538, '2023-03-20', 0),
	(100, 17, 109, 5266, 11106, '2023-03-22', 1),
	(101, 10, 224, 1819, 28560, '2023-03-09', 1),
	(102, 7, 226, 9700, 6193, '2023-03-18', 0),
	(103, 3, 201, 2771, 45963, '2023-03-18', 0),
	(104, 9, 93, 2181, 59901, '2023-03-09', 1),
	(105, 19, 22, 3557, 17931, '2023-03-10', 1),
	(106, 15, 73, 7330, 93774, NULL, 1),
	(107, 18, 68, 1076, 99178, '2023-03-26', 1),
	(108, 1, 239, 2535, 33393, '2023-03-14', 0),
	(109, 3, 138, 4028, 55729, '2023-03-25', 1),
	(110, 11, 120, 8832, 92789, '2023-03-11', 1),
	(111, 18, 205, 4147, 57989, '2023-03-06', 1),
	(112, 5, 126, 781, 9336, NULL, 0),
	(113, 17, 203, 4588, 60649, '2023-03-28', 0),
	(114, 8, 239, 1776, 67221, NULL, 0),
	(115, 20, 22, 1724, 90898, NULL, 1),
	(116, 15, 45, 415, 86080, '2023-03-29', 0),
	(117, 10, 192, 7309, 57439, '2023-03-16', 0),
	(118, 11, 35, 5772, 2159, '2023-03-10', 0),
	(119, 4, 115, 8173, 15527, NULL, 0),
	(120, 13, 115, 105, 89967, '2023-03-12', 0),
	(121, 4, 164, 1970, 59827, '2023-03-30', 1),
	(122, 10, 213, 5634, 1299, '2023-03-10', 0),
	(123, 1, 38, 4909, 11536, '2023-03-05', 0),
	(124, 14, 190, 1925, 17237, NULL, 1),
	(125, 15, 167, 9776, 5688, '2023-03-10', 0),
	(126, 9, 225, 2055, 24028, NULL, 0),
	(127, 12, 81, 3179, 36309, '2023-03-09', 1),
	(128, 10, 32, 5339, 31340, NULL, 0),
	(129, 16, 217, 2328, 68777, '2023-03-18', 0),
	(130, 17, 28, 9345, 14725, '2023-03-27', 0),
	(131, 13, 101, 3016, 79832, '2023-03-19', 0),
	(132, 6, 172, 3039, 96047, '2023-03-28', 0),
	(133, 4, 95, 5232, 43529, '2023-03-06', 0),
	(134, 14, 140, 8941, 15979, '2023-03-06', 1),
	(135, 1, 158, 9271, 1905, NULL, 1),
	(136, 5, 77, 9827, 80740, '2023-03-29', 0),
	(137, 20, 178, 1098, 26419, NULL, 0),
	(138, 3, 65, 9474, 36787, '2023-03-22', 0),
	(139, 13, 238, 5923, 49506, '2023-03-04', 0),
	(140, 20, 156, 7225, 33946, '2023-03-29', 1),
	(141, 8, 151, 9115, 1330, '2023-03-06', 0),
	(142, 7, 90, 9854, 27420, '2023-03-11', 0),
	(143, 15, 110, 4757, 80836, '2023-03-26', 1),
	(144, 11, 92, 8053, 7478, NULL, 1),
	(145, 15, 43, 1098, 76010, '2023-03-18', 1),
	(146, 1, 130, 8857, 92449, '2023-03-18', 1),
	(147, 14, 158, 8675, 91037, '2023-03-08', 0),
	(148, 1, 132, 7774, 51782, '2023-03-15', 1),
	(149, 13, 252, 3140, 41433, '2023-03-16', 0),
	(150, 14, 36, 4585, 64408, NULL, 0),
	(151, 1, 151, 6455, 96427, '2023-03-04', 0),
	(152, 18, 215, 1720, 68897, '2023-03-15', 1),
	(153, 16, 243, 6335, 27245, '2023-03-09', 0),
	(154, 1, 107, 610, 95818, '2023-03-04', 0),
	(155, 13, 93, 1083, 54493, '2023-03-30', 0),
	(156, 3, 232, 1703, 77081, NULL, 1),
	(157, 5, 138, 4478, 96733, '2023-03-20', 0),
	(158, 2, 108, 9199, 6577, '2023-03-19', 0),
	(159, 5, 167, 8009, 99652, '2023-03-19', 0),
	(160, 15, 94, 4280, 18045, NULL, 1),
	(161, 16, 176, 7037, 80240, '2023-03-12', 1),
	(162, 1, 159, 148, 69021, '2023-03-08', 0),
	(163, 13, 25, 3823, 84491, '2023-03-22', 1),
	(164, 9, 158, 2308, 10073, '2023-03-09', 0),
	(165, 13, 190, 4922, 73568, '2023-03-14', 1),
	(166, 15, 210, 9805, 50596, '2023-03-27', 1),
	(167, 3, 89, 4513, 5320, '2023-03-31', 0),
	(168, 3, 115, 4405, 68816, NULL, 1),
	(169, 7, 43, 3379, 54919, '2023-03-26', 0),
	(170, 11, 32, 9812, 10948, '2023-03-19', 0),
	(171, 3, 19, 5400, 78591, '2023-03-12', 1),
	(172, 14, 223, 5654, 13217, '2023-03-30', 1),
	(173, 6, 251, 5859, 17845, '2023-03-26', 1),
	(174, 10, 248, 1939, 57777, '2023-03-09', 0),
	(175, 1, 1, 3520, 58271, '2023-03-20', 1),
	(176, 12, 82, 8131, 81419, '2023-03-10', 1),
	(177, 2, 13, 4123, 17249, '2023-03-25', 1),
	(178, 1, 193, 9619, 40468, '2023-03-19', 1),
	(179, 12, 223, 8462, 67520, NULL, 0),
	(180, 15, 89, 6902, 6336, '2023-03-10', 0),
	(181, 15, 240, 3293, 21147, NULL, 1),
	(182, 1, 88, 1803, 51741, '2023-03-06', 0),
	(183, 3, 229, 5688, 57259, '2023-03-17', 0),
	(184, 8, 3, 7906, 33940, '2023-03-14', 0),
	(185, 19, 32, 8194, 41831, '2023-03-09', 0),
	(186, 19, 175, 8456, 27644, '2023-03-18', 1),
	(187, 2, 109, 5956, 14164, NULL, 0),
	(188, 7, 6, 4395, 34798, '2023-03-06', 1),
	(189, 11, 181, 8550, 29622, '2023-03-07', 0),
	(190, 3, 81, 2508, 89034, '2023-03-06', 0),
	(191, 6, 1, 487, 84204, '2023-03-27', 1),
	(192, 3, 183, 7125, 61444, '2023-03-19', 1),
	(193, 20, 164, 3985, 63614, '2023-03-30', 1),
	(194, 7, 146, 5002, 68650, NULL, 1),
	(195, 5, 122, 2288, 51694, '2023-03-04', 0),
	(196, 1, 104, 7998, 58037, '2023-03-04', 0),
	(197, 19, 66, 5642, 87060, '2023-03-05', 1),
	(198, 8, 129, 9353, 54141, '2023-03-07', 0),
	(199, 12, 181, 449, 75506, '2023-03-11', 0),
	(200, 5, 163, 1622, 94989, '2023-03-28', 0),
	(201, 16, 145, 2093, 76653, NULL, 0),
	(202, 2, 167, 1498, 34602, NULL, 0),
	(203, 15, 36, 798, 45373, '2023-03-14', 1),
	(204, 12, 184, 6058, 14203, '2023-03-17', 0),
	(205, 13, 85, 7913, 1296, '2023-03-28', 1),
	(206, 16, 241, 4951, 19817, '2023-03-09', 1),
	(207, 17, 3, 512, 59878, '2023-03-04', 0),
	(208, 10, 181, 6467, 57467, '2023-03-11', 0),
	(209, 5, 118, 5854, 29263, NULL, 0),
	(210, 17, 200, 855, 26811, '2023-03-11', 0),
	(211, 16, 120, 5053, 58504, '2023-03-08', 0),
	(212, 11, 110, 3044, 49071, '2023-03-22', 1),
	(213, 10, 224, 391, 9865, '2023-03-30', 1),
	(214, 4, 182, 8899, 32422, '2023-03-16', 0),
	(215, 15, 30, 5626, 491, NULL, 0),
	(216, 2, 152, 3969, 66108, '2023-03-23', 0),
	(217, 10, 44, 4806, 82923, '2023-03-15', 1),
	(218, 10, 247, 9577, 28914, '2023-03-18', 1),
	(219, 16, 175, 5706, 72010, '2023-03-20', 1),
	(220, 8, 69, 7223, 82851, NULL, 0),
	(221, 10, 162, 4553, 42044, '2023-03-12', 0),
	(222, 9, 211, 3075, 30513, NULL, 1),
	(223, 18, 180, 8919, 69986, NULL, 0),
	(224, 5, 159, 5309, 16516, '2023-03-27', 1),
	(225, 5, 241, 6411, 95428, '2023-03-04', 1),
	(226, 6, 134, 2332, 22450, '2023-03-17', 0),
	(227, 5, 55, 7676, 74578, '2023-03-09', 1),
	(228, 4, 164, 7048, 91993, '2023-03-27', 0),
	(229, 6, 87, 9801, 42391, '2023-03-10', 0),
	(230, 3, 46, 246, 24672, '2023-03-22', 1),
	(231, 3, 161, 6220, 37030, '2023-03-08', 1),
	(232, 10, 99, 3622, 72305, '2023-03-06', 1),
	(233, 8, 80, 660, 96844, '2023-03-06', 0),
	(234, 19, 93, 1026, 1895, NULL, 1),
	(235, 9, 143, 843, 15445, '2023-03-16', 1),
	(236, 15, 136, 3364, 86863, '2023-03-20', 1),
	(237, 3, 211, 9482, 35222, '2023-03-18', 1),
	(238, 1, 217, 5948, 49363, NULL, 1),
	(239, 16, 56, 2326, 79398, '2023-03-04', 1),
	(240, 11, 43, 3301, 53768, NULL, 1),
	(241, 20, 239, 3351, 35659, '2023-03-04', 0),
	(242, 1, 80, 5812, 26833, '2023-03-08', 1),
	(243, 19, 102, 751, 85581, NULL, 0),
	(244, 6, 190, 5294, 94048, '2023-03-25', 0),
	(245, 11, 109, 3474, 91137, '2023-03-19', 0),
	(246, 9, 14, 9335, 14187, '2023-03-11', 0),
	(247, 9, 204, 5040, 65918, '2023-03-08', 0),
	(248, 9, 70, 7681, 38740, NULL, 1),
	(249, 9, 59, 8848, 97601, NULL, 1),
	(250, 14, 10, 1718, 35692, '2023-03-27', 1),
	(251, 16, 114, 1499, 73101, '2023-03-08', 1),
	(252, 5, 127, 6197, 27624, '2023-03-20', 1),
	(253, 14, 182, 1116, 16385, '2023-03-13', 1),
	(254, 9, 235, 5665, 98104, '2023-03-16', 0);
/*!40000 ALTER TABLE `storages` ENABLE KEYS */;

-- Struktúra mentése tábla inventory. tokens
CREATE TABLE IF NOT EXISTS `tokens` (
  `id` bigint(20) unsigned NOT NULL AUTO_INCREMENT,
  `email` varchar(255) COLLATE utf8mb4_unicode_ci NOT NULL,
  `tokenPassword` varchar(255) COLLATE utf8mb4_unicode_ci DEFAULT NULL,
  `created_atPassword` timestamp NULL DEFAULT NULL,
  `tokenEmail` varchar(255) COLLATE utf8mb4_unicode_ci DEFAULT NULL,
  `created_atEmail` timestamp NULL DEFAULT NULL,
  PRIMARY KEY (`id`),
  KEY `tokens_email_index` (`email`),
  CONSTRAINT `tokens_email_foreign` FOREIGN KEY (`email`) REFERENCES `users` (`email`) ON DELETE CASCADE
) ENGINE=InnoDB AUTO_INCREMENT=2 DEFAULT CHARSET=utf8mb4 COLLATE=utf8mb4_unicode_ci;

-- Tábla adatainak mentése inventory.tokens: ~1 rows (hozzávetőleg)
/*!40000 ALTER TABLE `tokens` DISABLE KEYS */;
INSERT INTO `tokens` (`id`, `email`, `tokenPassword`, `created_atPassword`, `tokenEmail`, `created_atEmail`) VALUES
	(1, 'dolgozo3@localhost', 'pVaUA5fyKyuBYxjgaiEDyd5TFHyBNgsWBcRtdudzFJtjAw2SOkaatZbTrzLKRL9u', NULL, 'FVxOkXg7t9rDRx1ID8VdVGBtrlxZLps13poQBr690cMb16n6MF2CrJglUISuzERC', NULL);
/*!40000 ALTER TABLE `tokens` ENABLE KEYS */;

-- Struktúra mentése tábla inventory. users
CREATE TABLE IF NOT EXISTS `users` (
  `id` bigint(20) unsigned NOT NULL AUTO_INCREMENT,
  `email` varchar(255) COLLATE utf8mb4_unicode_ci NOT NULL,
  `name` varchar(255) COLLATE utf8mb4_unicode_ci NOT NULL,
  `password` varchar(255) COLLATE utf8mb4_unicode_ci NOT NULL,
  `permission` int(11) DEFAULT '0',
  `city` varchar(255) COLLATE utf8mb4_unicode_ci DEFAULT NULL,
  `shop_id` bigint(20) unsigned DEFAULT NULL,
  `image_path` varchar(255) COLLATE utf8mb4_unicode_ci DEFAULT NULL,
  `is_deleted` tinyint(1) NOT NULL DEFAULT '0',
  `email_verified_at` datetime DEFAULT NULL,
  `remember_token` varchar(100) COLLATE utf8mb4_unicode_ci DEFAULT NULL,
  PRIMARY KEY (`id`),
  UNIQUE KEY `users_email_unique` (`email`),
  KEY `users_shop_id_foreign` (`shop_id`),
  CONSTRAINT `users_shop_id_foreign` FOREIGN KEY (`shop_id`) REFERENCES `shops` (`id`) ON DELETE CASCADE
) ENGINE=InnoDB AUTO_INCREMENT=8 DEFAULT CHARSET=utf8mb4 COLLATE=utf8mb4_unicode_ci;

-- Tábla adatainak mentése inventory.users: ~7 rows (hozzávetőleg)
/*!40000 ALTER TABLE `users` DISABLE KEYS */;
INSERT INTO `users` (`id`, `email`, `name`, `password`, `permission`, `city`, `shop_id`, `image_path`, `is_deleted`, `email_verified_at`, `remember_token`) VALUES
	(1, 'admin@localhost', 'Teszt Elek', '$2y$10$bAMqb2xkm0nbWQBVRxx/2uySWOCEaR4wN9SK3jV4ofHwKs09gY.H2', 10, 'Kőszeg', 1, NULL, 0, '2022-12-30 00:00:00', NULL),
	(2, 'vasarlo@localhost', 'Balázs Benedek', '$2y$10$nUYgGDDaL29sVWuO.lBo4u/BUON1.V.tLjT4mb2BdgOY31jtX/ic2', 0, 'Kőszeg', NULL, NULL, 0, '2022-12-30 00:00:00', NULL),
	(3, 'dolgozo@localhost', 'Nagy Tamás', '$2y$10$6uQlS6yiwJ2bCoZ1SQXBC.j9Xpwhlb1bO4rP9iZPdQK3MVZsTzCoO', 1, 'Kőszeg', 1, NULL, 0, '2022-12-30 00:00:00', NULL),
	(4, 'vasarlo2@localhost', 'Kiss János', '$2y$10$xbffQErJWCfC61MsseXA8uYpR6bRTW21DpuMvZWqNDA7SfTDbazhu', 0, 'Kőszeg', NULL, NULL, 1, '2022-12-30 00:00:00', NULL),
	(5, 'vasarlo3@localhost', 'Kiss János2', '$2y$10$IOCntRExpqlLhz6UHC0YxuazEozCOCYUwO6.xQ0Svrb4COiDD9pJS', 0, 'Kőszeg', NULL, NULL, 0, NULL, NULL),
	(6, 'dolgozo2@localhost', 'Nagy Tamás2', '$2y$10$80TkEayK9/y6R4wwbJESyuSy/gIZ82bniQpdA01CqZqULIRic9qxy', 1, 'Kőszeg', 2, NULL, 0, '2022-12-30 00:00:00', NULL),
	(7, 'dolgozo3@localhost', 'Nagy Tamás3', '$2y$10$zrBtwnGyf1HdD.W2dH/ZROZb1t1IaOv4hiKOyIh8h5v.lEZ1FGZ/a', 2, 'Kőszeg', 1, NULL, 0, NULL, NULL);
/*!40000 ALTER TABLE `users` ENABLE KEYS */;

/*!40101 SET SQL_MODE=IFNULL(@OLD_SQL_MODE, '') */;
/*!40014 SET FOREIGN_KEY_CHECKS=IFNULL(@OLD_FOREIGN_KEY_CHECKS, 1) */;
/*!40101 SET CHARACTER_SET_CLIENT=@OLD_CHARACTER_SET_CLIENT */;
/*!40111 SET SQL_NOTES=IFNULL(@OLD_SQL_NOTES, 1) */;
